time,voice_1
0.000000000000000000e+00,0.000000000000000000e+00
2.321995464852607757e-02,2.519842099789746328e+02
4.643990929705215515e-02,2.106722071909671854e+02
6.965986394557822925e-02,1.792119283823905107e+02
9.287981859410431029e-02,1.721102874488660177e+02
1.160997732426303913e-01,1.701334321901711348e+02
1.393197278911564585e-01,1.691535357262897037e+02
1.625396825396825395e-01,1.652900636308423543e+02
1.857596371882086206e-01,0.000000000000000000e+00
2.089795918367347016e-01,0.000000000000000000e+00
2.321995464852607827e-01,0.000000000000000000e+00
2.554195011337868637e-01,3.422380102730408566e+02
2.786394557823129170e-01,3.363585661014857919e+02
3.018594104308390258e-01,3.305801272616847086e+02
3.250793650793650791e-01,3.193193545426599371e+02
3.482993197278911324e-01,0.000000000000000000e+00
3.715192743764172412e-01,0.000000000000000000e+00
3.947392290249432945e-01,0.000000000000000000e+00
4.179591836734694033e-01,0.000000000000000000e+00
4.411791383219954565e-01,0.000000000000000000e+00
4.643990929705215653e-01,0.000000000000000000e+00
4.876190476190476186e-01,0.000000000000000000e+00
5.108390022675737274e-01,2.155964366085710253e+02
5.340589569160997252e-01,2.168453740602836888e+02
5.572789115646258340e-01,2.219138944135689826e+02
5.804988662131519428e-01,2.257928809612262171e+02
6.037188208616780516e-01,2.284164678621543487e+02
6.269387755102040494e-01,2.271008858141754274e+02
6.501587301587301582e-01,2.181015465330515326e+02
6.733786848072562670e-01,2.168453740602836888e+02
6.965986394557822647e-01,2.155964366085710253e+02
7.198185941043083735e-01,2.155964366085710253e+02
7.430385487528344823e-01,2.155964366085710253e+02
7.662585034013605911e-01,2.168453740602836888e+02
7.894784580498865889e-01,2.244924096618745466e+02
8.126984126984126977e-01,2.271008858141754274e+02
8.359183673469388065e-01,2.284164678621543487e+02
8.591383219954648043e-01,2.284164678621543487e+02
8.823582766439909131e-01,2.284164678621543487e+02
9.055782312925170219e-01,2.297396709994070250e+02
9.287981859410431307e-01,2.297396709994070250e+02
9.520181405895691285e-01,2.271008858141754274e+02
9.752380952380952372e-01,2.257928809612262171e+02
9.984580498866213460e-01,2.244924096618745466e+02
1.021678004535147455e+00,2.219138944135689826e+02
1.044897959183673564e+00,2.206357644327492835e+02
1.068117913832199450e+00,2.181015465330515326e+02
1.091337868480725559e+00,2.155964366085710253e+02
1.114557823129251668e+00,2.155964366085710253e+02
1.137777777777777777e+00,2.181015465330515326e+02
1.160997732426303886e+00,2.193649959389251762e+02
1.184217687074829994e+00,2.219138944135689826e+02
1.207437641723356103e+00,2.257928809612262171e+02
1.230657596371881990e+00,2.297396709994070250e+02
1.253877551020408099e+00,2.297396709994070250e+02
1.277097505668934208e+00,2.284164678621543487e+02
1.300317460317460316e+00,2.257928809612262171e+02
1.323537414965986425e+00,2.257928809612262171e+02
1.346757369614512534e+00,2.231994285260446134e+02
1.369977324263038643e+00,2.193649959389251762e+02
1.393197278911564529e+00,2.168453740602836888e+02
1.416417233560090638e+00,2.168453740602836888e+02
1.439637188208616747e+00,2.181015465330515326e+02
1.462857142857142856e+00,2.271008858141754274e+02
1.486077097505668965e+00,0.000000000000000000e+00
1.509297052154195073e+00,0.000000000000000000e+00
1.532517006802721182e+00,0.000000000000000000e+00
1.555736961451247069e+00,0.000000000000000000e+00
1.578956916099773178e+00,0.000000000000000000e+00
1.602176870748299287e+00,0.000000000000000000e+00
1.625396825396825395e+00,0.000000000000000000e+00
1.648616780045351504e+00,0.000000000000000000e+00
1.671836734693877613e+00,0.000000000000000000e+00
1.695056689342403722e+00,0.000000000000000000e+00
1.718276643990929609e+00,2.244924096618745466e+02
1.741496598639455717e+00,2.231994285260446134e+02
1.764716553287981826e+00,2.231994285260446134e+02
1.787936507936507935e+00,2.219138944135689826e+02
1.811156462585034044e+00,2.219138944135689826e+02
1.834376417233560153e+00,2.206357644327492835e+02
1.857596371882086261e+00,2.206357644327492835e+02
1.880816326530612148e+00,0.000000000000000000e+00
1.904036281179138257e+00,0.000000000000000000e+00
1.927256235827664366e+00,0.000000000000000000e+00
1.950476190476190474e+00,0.000000000000000000e+00
1.973696145124716583e+00,0.000000000000000000e+00
1.996916099773242692e+00,0.000000000000000000e+00
2.020136054421768801e+00,0.000000000000000000e+00
2.043356009070294910e+00,0.000000000000000000e+00
2.066575963718821018e+00,0.000000000000000000e+00
2.089795918367347127e+00,0.000000000000000000e+00
2.113015873015873236e+00,0.000000000000000000e+00
2.136235827664398901e+00,0.000000000000000000e+00
2.159455782312925010e+00,0.000000000000000000e+00
2.182675736961451118e+00,0.000000000000000000e+00
2.205895691609977227e+00,0.000000000000000000e+00
2.229115646258503336e+00,0.000000000000000000e+00
2.252335600907029445e+00,0.000000000000000000e+00
2.275555555555555554e+00,0.000000000000000000e+00
2.298775510204081662e+00,0.000000000000000000e+00
2.321995464852607771e+00,0.000000000000000000e+00
2.345215419501133880e+00,0.000000000000000000e+00
2.368435374149659989e+00,0.000000000000000000e+00
2.391655328798186098e+00,0.000000000000000000e+00
2.414875283446712206e+00,0.000000000000000000e+00
2.438095238095238315e+00,0.000000000000000000e+00
2.461315192743763980e+00,0.000000000000000000e+00
2.484535147392290089e+00,2.131201003256968818e+02
2.507755102040816197e+00,2.143546925072586191e+02
2.530975056689342306e+00,2.155964366085710253e+02
2.554195011337868415e+00,2.168453740602836888e+02
2.577414965986394524e+00,2.155964366085710253e+02
2.600634920634920633e+00,2.131201003256968818e+02
2.623854875283446741e+00,2.094588245641253934e+02
2.647074829931972850e+00,2.070529847682754792e+02
2.670294784580498959e+00,2.046747783993549490e+02
2.693514739229025068e+00,2.118926188718590709e+02
2.716734693877551177e+00,2.193649959389251762e+02
2.739954648526077285e+00,2.219138944135689826e+02
2.763174603174603394e+00,2.257928809612262171e+02
2.786394557823129059e+00,2.271008858141754274e+02
2.809614512471655168e+00,2.271008858141754274e+02
2.832834467120181277e+00,2.244924096618745466e+02
2.856054421768707385e+00,2.219138944135689826e+02
2.879274376417233494e+00,2.193649959389251762e+02
2.902494331065759603e+00,2.131201003256968818e+02
2.925714285714285712e+00,2.023238880603844905e+02
2.948934240362811821e+00,1.898684241901038092e+02
2.972154195011337929e+00,1.855318233882618983e+02
2.995374149659864038e+00,1.823444977116433563e+02
3.018594104308390147e+00,1.781797436280678824e+02
3.041814058956916256e+00,0.000000000000000000e+00
3.065034013605442365e+00,0.000000000000000000e+00
3.088253968253968473e+00,0.000000000000000000e+00
3.111473922902494138e+00,0.000000000000000000e+00
3.134693877551020247e+00,0.000000000000000000e+00
3.157913832199546356e+00,0.000000000000000000e+00
3.181133786848072464e+00,0.000000000000000000e+00
3.204353741496598573e+00,0.000000000000000000e+00
3.227573696145124682e+00,0.000000000000000000e+00
3.250793650793650791e+00,0.000000000000000000e+00
3.274013605442176900e+00,0.000000000000000000e+00
3.297233560090703008e+00,0.000000000000000000e+00
3.320453514739229117e+00,0.000000000000000000e+00
3.343673469387755226e+00,1.887748625363386736e+02
3.366893424036281335e+00,1.866065983073614802e+02
3.390113378684807444e+00,1.844632387171878349e+02
3.413333333333333552e+00,1.781797436280678824e+02
3.436553287981859217e+00,1.672106416577018990e+02
3.459773242630385326e+00,1.596596772713299686e+02
3.482993197278911435e+00,1.578258294677282834e+02
3.506213151927437544e+00,1.560130452026747037e+02
3.529433106575963652e+00,1.542210825407940717e+02
3.552653061224489761e+00,1.542210825407940717e+02
3.575873015873015870e+00,1.542210825407940717e+02
3.599092970521541979e+00,1.542210825407940717e+02
3.622312925170068088e+00,0.000000000000000000e+00
3.645532879818594196e+00,0.000000000000000000e+00
3.668752834467120305e+00,0.000000000000000000e+00
3.691972789115646414e+00,0.000000000000000000e+00
3.715192743764172523e+00,0.000000000000000000e+00
3.738412698412698632e+00,0.000000000000000000e+00
3.761632653061224296e+00,0.000000000000000000e+00
3.784852607709750405e+00,0.000000000000000000e+00
3.808072562358276514e+00,0.000000000000000000e+00
3.831292517006802623e+00,0.000000000000000000e+00
3.854512471655328731e+00,0.000000000000000000e+00
3.877732426303854840e+00,0.000000000000000000e+00
3.900952380952380949e+00,0.000000000000000000e+00
3.924172335600907058e+00,0.000000000000000000e+00
3.947392290249433167e+00,0.000000000000000000e+00
3.970612244897959275e+00,0.000000000000000000e+00
3.993832199546485384e+00,0.000000000000000000e+00
4.017052154195011049e+00,0.000000000000000000e+00
4.040272108843537602e+00,0.000000000000000000e+00
4.063492063492063266e+00,0.000000000000000000e+00
4.086712018140589819e+00,0.000000000000000000e+00
4.109931972789115484e+00,0.000000000000000000e+00
4.133151927437642037e+00,1.489677463122702648e+02
4.156371882086167702e+00,1.498307076876681663e+02
4.179591836734694255e+00,1.464085695945625218e+02
4.202811791383219919e+00,1.489677463122702648e+02
4.226031746031746472e+00,0.000000000000000000e+00
4.249251700680272137e+00,0.000000000000000000e+00
4.272471655328797802e+00,0.000000000000000000e+00
4.295691609977324354e+00,0.000000000000000000e+00
4.318911564625850019e+00,0.000000000000000000e+00
4.342131519274376572e+00,0.000000000000000000e+00
4.365351473922902237e+00,1.855318233882618983e+02
4.388571428571428790e+00,1.887748625363386736e+02
4.411791383219954454e+00,1.887748625363386736e+02
4.435011337868481007e+00,1.909683207820832820e+02
4.458231292517006672e+00,1.909683207820832820e+02
4.481451247165533225e+00,1.909683207820832820e+02
4.504671201814058890e+00,1.866065983073614802e+02
4.527891156462585442e+00,2.034959384205372714e+02
4.551111111111111107e+00,2.058604473286983705e+02
4.574331065759636772e+00,0.000000000000000000e+00
4.597551020408163325e+00,0.000000000000000000e+00
4.620770975056688989e+00,2.193649959389251762e+02
4.643990929705215542e+00,2.193649959389251762e+02
4.667210884353741207e+00,2.168453740602836888e+02
4.690430839002267760e+00,2.131201003256968818e+02
4.713650793650793425e+00,2.106722071909671854e+02
4.736870748299319978e+00,2.131201003256968818e+02
4.760090702947845642e+00,2.181015465330515326e+02
4.783310657596372195e+00,2.206357644327492835e+02
4.806530612244897860e+00,2.219138944135689826e+02
4.829750566893424413e+00,2.219138944135689826e+02
4.852970521541950077e+00,2.219138944135689826e+02
4.876190476190476630e+00,2.231994285260446134e+02
4.899410430839002295e+00,2.231994285260446134e+02
4.922630385487527960e+00,2.193649959389251762e+02
4.945850340136054513e+00,2.143546925072586191e+02
4.969070294784580177e+00,2.094588245641253934e+02
4.992290249433106730e+00,2.070529847682754792e+02
5.015510204081632395e+00,2.058604473286983705e+02
5.038730158730158948e+00,2.034959384205372714e+02
5.061950113378684613e+00,2.023238880603844905e+02
5.085170068027211165e+00,2.034959384205372714e+02
5.108390022675736830e+00,2.070529847682754792e+02
5.131609977324263383e+00,2.118926188718590709e+02
5.154829931972789048e+00,2.193649959389251762e+02
5.178049886621315601e+00,2.206357644327492835e+02
5.201269841269841265e+00,2.219138944135689826e+02
5.224489795918366930e+00,2.206357644327492835e+02
5.247709750566893483e+00,2.181015465330515326e+02
5.270929705215419148e+00,2.193649959389251762e+02
5.294149659863945701e+00,2.206357644327492835e+02
5.317369614512471365e+00,2.206357644327492835e+02
5.340589569160997918e+00,2.193649959389251762e+02
5.363809523809523583e+00,2.181015465330515326e+02
5.387029478458050136e+00,0.000000000000000000e+00
5.410249433106575800e+00,0.000000000000000000e+00
5.433469387755102353e+00,0.000000000000000000e+00
5.456689342403628018e+00,0.000000000000000000e+00
5.479909297052154571e+00,0.000000000000000000e+00
5.503129251700680236e+00,0.000000000000000000e+00
5.526349206349206789e+00,0.000000000000000000e+00
5.549569160997732453e+00,0.000000000000000000e+00
5.572789115646258118e+00,0.000000000000000000e+00
5.596009070294784671e+00,0.000000000000000000e+00
5.619229024943310336e+00,0.000000000000000000e+00
5.642448979591836888e+00,0.000000000000000000e+00
5.665668934240362553e+00,0.000000000000000000e+00
5.688888888888889106e+00,0.000000000000000000e+00
5.712108843537414771e+00,0.000000000000000000e+00
5.735328798185941324e+00,0.000000000000000000e+00
5.758548752834466988e+00,0.000000000000000000e+00
5.781768707482993541e+00,0.000000000000000000e+00
5.804988662131519206e+00,0.000000000000000000e+00
5.828208616780045759e+00,0.000000000000000000e+00
5.851428571428571423e+00,0.000000000000000000e+00
5.874648526077097088e+00,0.000000000000000000e+00
5.897868480725623641e+00,0.000000000000000000e+00
5.921088435374149306e+00,0.000000000000000000e+00
5.944308390022675859e+00,0.000000000000000000e+00
5.967528344671201523e+00,0.000000000000000000e+00
5.990748299319728076e+00,0.000000000000000000e+00
6.013968253968253741e+00,0.000000000000000000e+00
6.037188208616780294e+00,0.000000000000000000e+00
6.060408163265305959e+00,0.000000000000000000e+00
6.083628117913832511e+00,0.000000000000000000e+00
6.106848072562358176e+00,0.000000000000000000e+00
6.130068027210884729e+00,0.000000000000000000e+00
6.153287981859410394e+00,0.000000000000000000e+00
6.176507936507936947e+00,0.000000000000000000e+00
6.199727891156462611e+00,2.143546925072586191e+02
6.222947845804988276e+00,2.143546925072586191e+02
6.246167800453514829e+00,2.118926188718590709e+02
6.269387755102040494e+00,2.082524305069612467e+02
6.292607709750567047e+00,2.070529847682754792e+02
6.315827664399092711e+00,2.118926188718590709e+02
6.339047619047619264e+00,2.118926188718590709e+02
6.362267573696144929e+00,2.131201003256968818e+02
6.385487528344671482e+00,2.143546925072586191e+02
6.408707482993197146e+00,2.168453740602836888e+02
6.431927437641723699e+00,2.181015465330515326e+02
6.455147392290249364e+00,2.143546925072586191e+02
6.478367346938775917e+00,2.106722071909671854e+02
6.501587301587301582e+00,2.082524305069612467e+02
6.524807256235827246e+00,2.046747783993549490e+02
6.548027210884353799e+00,2.000000000000000000e+02
6.571247165532879464e+00,1.834008086409342297e+02
6.594467120181406017e+00,1.792119283823905107e+02
6.617687074829931682e+00,1.792119283823905107e+02
6.640907029478458234e+00,1.802500925221660566e+02
6.664126984126983899e+00,1.844632387171878349e+02
6.687346938775510452e+00,1.855318233882618983e+02
6.710566893424036117e+00,1.887748625363386736e+02
6.733786848072562670e+00,1.898684241901038092e+02
6.757006802721088334e+00,1.887748625363386736e+02
6.780226757369614887e+00,1.943063882307211827e+02
6.803446712018140552e+00,2.011585882135706811e+02
6.826666666666667105e+00,2.011585882135706811e+02
6.849886621315192770e+00,2.011585882135706811e+02
6.873106575963718434e+00,1.988480847635094904e+02
6.896326530612244987e+00,1.965641197090502317e+02
6.919546485260770652e+00,0.000000000000000000e+00
6.942766439909297205e+00,0.000000000000000000e+00
6.965986394557822869e+00,0.000000000000000000e+00
6.989206349206349422e+00,0.000000000000000000e+00
7.012426303854875087e+00,0.000000000000000000e+00
7.035646258503401640e+00,0.000000000000000000e+00
7.058866213151927305e+00,0.000000000000000000e+00
7.082086167800453858e+00,0.000000000000000000e+00
7.105306122448979522e+00,0.000000000000000000e+00
7.128526077097506075e+00,0.000000000000000000e+00
7.151746031746031740e+00,0.000000000000000000e+00
7.174965986394557405e+00,0.000000000000000000e+00
7.198185941043083957e+00,0.000000000000000000e+00
7.221405895691609622e+00,0.000000000000000000e+00
7.244625850340136175e+00,0.000000000000000000e+00
7.267845804988661840e+00,0.000000000000000000e+00
7.291065759637188393e+00,0.000000000000000000e+00
7.314285714285714057e+00,0.000000000000000000e+00
7.337505668934240610e+00,0.000000000000000000e+00
7.360725623582766275e+00,0.000000000000000000e+00
7.383945578231292828e+00,0.000000000000000000e+00
7.407165532879818493e+00,0.000000000000000000e+00
7.430385487528345045e+00,0.000000000000000000e+00
7.453605442176870710e+00,0.000000000000000000e+00
7.476825396825397263e+00,0.000000000000000000e+00
7.500045351473922928e+00,0.000000000000000000e+00
7.523265306122448592e+00,0.000000000000000000e+00
7.546485260770975145e+00,2.490899244717646468e+02
7.569705215419500810e+00,2.324091173915679178e+02
7.592925170068027363e+00,2.324091173915679178e+02
7.616145124716553028e+00,2.351095812567217536e+02
7.639365079365079580e+00,2.392192243474807469e+02
7.662585034013605245e+00,2.462288826689832035e+02
7.685804988662131798e+00,2.448107086609310272e+02
7.709024943310657463e+00,2.419988178438584896e+02
7.732244897959184016e+00,2.434007027341181697e+02
7.755464852607709680e+00,2.434007027341181697e+02
7.778684807256236233e+00,2.434007027341181697e+02
7.801904761904761898e+00,2.406050072164233313e+02
7.825124716553287563e+00,2.378414230005442107e+02
7.848344671201814116e+00,2.392192243474807469e+02
7.871564625850339780e+00,2.392192243474807469e+02
7.894784580498866333e+00,2.434007027341181697e+02
7.918004535147391998e+00,2.505328877248256276e+02
7.941224489795918551e+00,2.392192243474807469e+02
7.964444444444444215e+00,2.310705393744546257e+02
7.987664399092970768e+00,2.155964366085710253e+02
8.010884353741497321e+00,2.181015465330515326e+02
8.034104308390022098e+00,2.206357644327492835e+02
8.057324263038548651e+00,2.219138944135689826e+02
8.080544217687075204e+00,2.219138944135689826e+02
8.103764172335601756e+00,2.219138944135689826e+02
8.126984126984126533e+00,2.219138944135689826e+02
8.150204081632653086e+00,2.257928809612262171e+02
8.173424036281179639e+00,2.297396709994070250e+02
8.196643990929704415e+00,2.297396709994070250e+02
8.219863945578230968e+00,2.297396709994070250e+02
8.243083900226757521e+00,2.284164678621543487e+02
8.266303854875284074e+00,2.257928809612262171e+02
8.289523809523808850e+00,2.257928809612262171e+02
8.312743764172335403e+00,2.271008858141754274e+02
8.335963718820861956e+00,2.297396709994070250e+02
8.359183673469388509e+00,2.284164678621543487e+02
8.382403628117913286e+00,2.271008858141754274e+02
8.405623582766439839e+00,2.257928809612262171e+02
8.428843537414966391e+00,2.257928809612262171e+02
8.452063492063492944e+00,2.257928809612262171e+02
8.475283446712017721e+00,2.271008858141754274e+02
8.498503401360544274e+00,2.284164678621543487e+02
8.521723356009070827e+00,2.284164678621543487e+02
8.544943310657595603e+00,2.284164678621543487e+02
8.568163265306122156e+00,2.297396709994070250e+02
8.591383219954648709e+00,2.297396709994070250e+02
8.614603174603175262e+00,2.284164678621543487e+02
8.637823129251700038e+00,2.271008858141754274e+02
8.661043083900226591e+00,2.257928809612262171e+02
8.684263038548753144e+00,2.231994285260446134e+02
8.707482993197279697e+00,2.193649959389251762e+02
8.730702947845804474e+00,2.131201003256968818e+02
8.753922902494331026e+00,2.106722071909671854e+02
8.777142857142857579e+00,2.046747783993549490e+02
8.800362811791382356e+00,2.011585882135706811e+02
8.823582766439908909e+00,2.011585882135706811e+02
8.846802721088435462e+00,1.988480847635094904e+02
8.870022675736962015e+00,1.977028040705792193e+02
8.893242630385486791e+00,1.965641197090502317e+02
8.916462585034013344e+00,1.977028040705792193e+02
8.939682539682539897e+00,1.977028040705792193e+02
8.962902494331066450e+00,1.965641197090502317e+02
8.986122448979591226e+00,1.943063882307211827e+02
9.009342403628117779e+00,1.898684241901038092e+02
9.032562358276644332e+00,1.834008086409342297e+02
9.055782312925170885e+00,1.834008086409342297e+02
9.079002267573695661e+00,1.876875993342285938e+02
9.102222222222222214e+00,1.931872657849691564e+02
9.125442176870748767e+00,1.943063882307211827e+02
9.148662131519273544e+00,0.000000000000000000e+00
9.171882086167800097e+00,0.000000000000000000e+00
9.195102040816326650e+00,0.000000000000000000e+00
9.218321995464853202e+00,0.000000000000000000e+00
9.241541950113377979e+00,0.000000000000000000e+00
9.264761904761904532e+00,0.000000000000000000e+00
9.287981859410431085e+00,2.168453740602836888e+02
9.311201814058957638e+00,2.118926188718590709e+02
9.334421768707482414e+00,2.106722071909671854e+02
9.357641723356008967e+00,2.082524305069612467e+02
9.380861678004535520e+00,2.070529847682754792e+02
9.404081632653062073e+00,2.046747783993549490e+02
9.427301587301586849e+00,2.034959384205372714e+02
9.450521541950113402e+00,2.046747783993549490e+02
9.473741496598639955e+00,2.046747783993549490e+02
9.496961451247164732e+00,2.046747783993549490e+02
9.520181405895691285e+00,2.046747783993549490e+02
9.543401360544217837e+00,2.046747783993549490e+02
9.566621315192744390e+00,2.046747783993549490e+02
9.589841269841269167e+00,2.046747783993549490e+02
9.613061224489795720e+00,2.058604473286983705e+02
9.636281179138322273e+00,2.070529847682754792e+02
9.659501133786848825e+00,0.000000000000000000e+00
9.682721088435373602e+00,0.000000000000000000e+00
9.705941043083900155e+00,0.000000000000000000e+00
9.729160997732426708e+00,0.000000000000000000e+00
9.752380952380953261e+00,0.000000000000000000e+00
9.775600907029478037e+00,0.000000000000000000e+00
9.798820861678004590e+00,0.000000000000000000e+00
9.822040816326531143e+00,0.000000000000000000e+00
9.845260770975055920e+00,0.000000000000000000e+00
9.868480725623582472e+00,0.000000000000000000e+00
9.891700680272109025e+00,0.000000000000000000e+00
9.914920634920635578e+00,0.000000000000000000e+00
9.938140589569160355e+00,0.000000000000000000e+00
9.961360544217686908e+00,0.000000000000000000e+00
9.984580498866213460e+00,0.000000000000000000e+00
1.000780045351474001e+01,0.000000000000000000e+00
1.003102040816326479e+01,3.724193657806755908e+01
1.005424036281179134e+01,3.535533905932737753e+01
1.007746031746031790e+01,3.535533905932737753e+01
1.010068027210884267e+01,3.745767692191704157e+01
1.012390022675736923e+01,3.260880174413910737e+01
1.014712018140589578e+01,3.113624055897057374e+01
1.017034013605442233e+01,3.077861033362290755e+01
1.019356009070294711e+01,2.500000000000000000e+01
1.021678004535147366e+01,2.500000000000000000e+01
1.024000000000000021e+01,2.773923680169612638e+01
1.026321995464852677e+01,2.806155120773432543e+01
1.028643990929705154e+01,0.000000000000000000e+00
1.030965986394557810e+01,0.000000000000000000e+00
1.033287981859410465e+01,0.000000000000000000e+00
1.035609977324263120e+01,0.000000000000000000e+00
1.037931972789115598e+01,0.000000000000000000e+00
1.040253968253968253e+01,0.000000000000000000e+00
1.042575963718820908e+01,0.000000000000000000e+00
1.044897959183673386e+01,0.000000000000000000e+00
1.047219954648526041e+01,0.000000000000000000e+00
1.049541950113378697e+01,2.529048600754806131e+01
1.051863945578231352e+01,2.573255591608730342e+01
1.054185941043083830e+01,2.603155381337016294e+01
1.056507936507936485e+01,2.633402589887089462e+01
1.058829931972789140e+01,2.648657735898238386e+01
1.061151927437641795e+01,0.000000000000000000e+00
1.063473922902494273e+01,0.000000000000000000e+00
1.065795918367346928e+01,0.000000000000000000e+00
1.068117913832199584e+01,0.000000000000000000e+00
1.070439909297052239e+01,0.000000000000000000e+00
1.072761904761904717e+01,0.000000000000000000e+00
1.075083900226757372e+01,0.000000000000000000e+00
1.077405895691610027e+01,0.000000000000000000e+00
1.079727891156462505e+01,0.000000000000000000e+00
1.082049886621315160e+01,0.000000000000000000e+00
1.084371882086167815e+01,0.000000000000000000e+00
1.086693877551020471e+01,0.000000000000000000e+00
1.089015873015872948e+01,0.000000000000000000e+00
1.091337868480725604e+01,0.000000000000000000e+00
1.093659863945578259e+01,0.000000000000000000e+00
1.095981859410430914e+01,0.000000000000000000e+00
1.098303854875283392e+01,0.000000000000000000e+00
1.100625850340136047e+01,0.000000000000000000e+00
1.102947845804988702e+01,0.000000000000000000e+00
1.105269841269841358e+01,0.000000000000000000e+00
1.107591836734693835e+01,0.000000000000000000e+00
1.109913832199546491e+01,0.000000000000000000e+00
1.112235827664399146e+01,0.000000000000000000e+00
1.114557823129251624e+01,0.000000000000000000e+00
1.116879818594104279e+01,0.000000000000000000e+00
1.119201814058956934e+01,0.000000000000000000e+00
1.121523809523809589e+01,0.000000000000000000e+00
1.123845804988662067e+01,0.000000000000000000e+00
1.126167800453514722e+01,0.000000000000000000e+00
1.128489795918367378e+01,0.000000000000000000e+00
1.130811791383220033e+01,0.000000000000000000e+00
1.133133786848072511e+01,0.000000000000000000e+00
1.135455782312925166e+01,0.000000000000000000e+00
1.137777777777777821e+01,0.000000000000000000e+00
1.140099773242630299e+01,0.000000000000000000e+00
1.142421768707482954e+01,0.000000000000000000e+00
1.144743764172335609e+01,0.000000000000000000e+00
1.147065759637188265e+01,0.000000000000000000e+00
1.149387755102040742e+01,0.000000000000000000e+00
1.151709750566893398e+01,0.000000000000000000e+00
1.154031746031746053e+01,0.000000000000000000e+00
1.156353741496598708e+01,0.000000000000000000e+00
1.158675736961451186e+01,0.000000000000000000e+00
1.160997732426303841e+01,0.000000000000000000e+00
1.163319727891156496e+01,0.000000000000000000e+00
1.165641723356009152e+01,0.000000000000000000e+00
1.167963718820861629e+01,2.500000000000000000e+01
1.170285714285714285e+01,2.500000000000000000e+01
1.172607709750566940e+01,2.500000000000000000e+01
1.174929705215419418e+01,2.500000000000000000e+01
1.177251700680272073e+01,2.500000000000000000e+01
1.179573696145124728e+01,2.648657735898238386e+01
1.181895691609977384e+01,0.000000000000000000e+00
1.184217687074829861e+01,0.000000000000000000e+00
1.186539682539682516e+01,0.000000000000000000e+00
1.188861678004535172e+01,0.000000000000000000e+00
1.191183673469387827e+01,0.000000000000000000e+00
1.193505668934240305e+01,0.000000000000000000e+00
1.195827664399092960e+01,0.000000000000000000e+00
1.198149659863945615e+01,0.000000000000000000e+00
1.200471655328798271e+01,0.000000000000000000e+00
1.202793650793650748e+01,0.000000000000000000e+00
1.205115646258503403e+01,0.000000000000000000e+00
1.207437641723356059e+01,0.000000000000000000e+00
1.209759637188208536e+01,0.000000000000000000e+00
1.212081632653061192e+01,0.000000000000000000e+00
1.214403628117913847e+01,0.000000000000000000e+00
1.216725623582766502e+01,0.000000000000000000e+00
1.219047619047618980e+01,0.000000000000000000e+00
1.221369614512471635e+01,0.000000000000000000e+00
1.223691609977324291e+01,0.000000000000000000e+00
1.226013605442176946e+01,0.000000000000000000e+00
1.228335600907029423e+01,0.000000000000000000e+00
1.230657596371882079e+01,0.000000000000000000e+00
1.232979591836734734e+01,0.000000000000000000e+00
1.235301587301587389e+01,0.000000000000000000e+00
1.237623582766439867e+01,0.000000000000000000e+00
1.239945578231292522e+01,0.000000000000000000e+00
1.242267573696145178e+01,0.000000000000000000e+00
1.244589569160997655e+01,0.000000000000000000e+00
1.246911564625850311e+01,0.000000000000000000e+00
1.249233560090702966e+01,0.000000000000000000e+00
1.251555555555555621e+01,0.000000000000000000e+00
1.253877551020408099e+01,0.000000000000000000e+00
1.256199546485260754e+01,0.000000000000000000e+00
1.258521541950113409e+01,0.000000000000000000e+00
1.260843537414966065e+01,0.000000000000000000e+00
1.263165532879818542e+01,0.000000000000000000e+00
1.265487528344671198e+01,0.000000000000000000e+00
1.267809523809523853e+01,0.000000000000000000e+00
1.270131519274376330e+01,0.000000000000000000e+00
1.272453514739228986e+01,0.000000000000000000e+00
1.274775510204081641e+01,0.000000000000000000e+00
1.277097505668934296e+01,0.000000000000000000e+00
1.279419501133786774e+01,0.000000000000000000e+00
1.281741496598639429e+01,0.000000000000000000e+00
1.284063492063492085e+01,0.000000000000000000e+00
1.286385487528344740e+01,0.000000000000000000e+00
1.288707482993197218e+01,0.000000000000000000e+00
1.291029478458049873e+01,0.000000000000000000e+00
1.293351473922902528e+01,2.603155381337016294e+01
1.295673469387755183e+01,2.500000000000000000e+01
1.297995464852607661e+01,2.500000000000000000e+01
1.300317460317460316e+01,2.742062449236564703e+01
1.302639455782312972e+01,2.757947055409366044e+01
1.304961451247165449e+01,2.500000000000000000e+01
1.307283446712018105e+01,2.633402589887089462e+01
1.309605442176870760e+01,3.515170729055873977e+01
1.311927437641723415e+01,3.494924835447548617e+01
1.314249433106575893e+01,3.454782199919439734e+01
1.316571428571428548e+01,3.415100641885988608e+01
1.318893424036281203e+01,0.000000000000000000e+00
1.321215419501133859e+01,0.000000000000000000e+00
1.323537414965986336e+01,0.000000000000000000e+00
1.325859410430838992e+01,0.000000000000000000e+00
1.328181405895691647e+01,0.000000000000000000e+00
1.330503401360544302e+01,0.000000000000000000e+00
1.332825396825396780e+01,0.000000000000000000e+00
1.335147392290249435e+01,0.000000000000000000e+00
1.337469387755102090e+01,0.000000000000000000e+00
1.339791383219954568e+01,0.000000000000000000e+00
1.342113378684807223e+01,0.000000000000000000e+00
1.344435374149659879e+01,0.000000000000000000e+00
1.346757369614512534e+01,0.000000000000000000e+00
1.349079365079365012e+01,2.648657735898238386e+01
1.351401360544217667e+01,2.500000000000000000e+01
1.353723356009070322e+01,2.500000000000000000e+01
1.356045351473922977e+01,2.500000000000000000e+01
1.358367346938775455e+01,2.726269331663144158e+01
1.360689342403628110e+01,2.726269331663144158e+01
1.363011337868480766e+01,0.000000000000000000e+00
1.365333333333333421e+01,0.000000000000000000e+00
1.367655328798185899e+01,0.000000000000000000e+00
1.369977324263038554e+01,0.000000000000000000e+00
1.372299319727891209e+01,0.000000000000000000e+00
1.374621315192743687e+01,0.000000000000000000e+00
1.376943310657596342e+01,0.000000000000000000e+00
1.379265306122448997e+01,0.000000000000000000e+00
1.381587301587301653e+01,0.000000000000000000e+00
1.383909297052154130e+01,0.000000000000000000e+00
1.386231292517006786e+01,0.000000000000000000e+00
1.388553287981859441e+01,0.000000000000000000e+00
1.390875283446712096e+01,0.000000000000000000e+00
1.393197278911564574e+01,0.000000000000000000e+00
1.395519274376417229e+01,0.000000000000000000e+00
1.397841269841269884e+01,0.000000000000000000e+00
1.400163265306122362e+01,0.000000000000000000e+00
1.402485260770975017e+01,0.000000000000000000e+00
1.404807256235827673e+01,0.000000000000000000e+00
1.407129251700680328e+01,0.000000000000000000e+00
1.409451247165532806e+01,0.000000000000000000e+00
1.411773242630385461e+01,0.000000000000000000e+00
1.414095238095238116e+01,0.000000000000000000e+00
1.416417233560090772e+01,0.000000000000000000e+00
1.418739229024943249e+01,0.000000000000000000e+00
1.421061224489795904e+01,0.000000000000000000e+00
1.423383219954648560e+01,0.000000000000000000e+00
1.425705215419501215e+01,0.000000000000000000e+00
1.428027210884353693e+01,0.000000000000000000e+00
1.430349206349206348e+01,0.000000000000000000e+00
1.432671201814059003e+01,0.000000000000000000e+00
1.434993197278911481e+01,0.000000000000000000e+00
1.437315192743764136e+01,0.000000000000000000e+00
1.439637188208616791e+01,0.000000000000000000e+00
1.441959183673469447e+01,0.000000000000000000e+00
1.444281179138321924e+01,0.000000000000000000e+00
1.446603174603174580e+01,0.000000000000000000e+00
1.448925170068027235e+01,0.000000000000000000e+00
1.451247165532879890e+01,0.000000000000000000e+00
1.453569160997732368e+01,0.000000000000000000e+00
1.455891156462585023e+01,0.000000000000000000e+00
1.458213151927437679e+01,0.000000000000000000e+00
1.460535147392290334e+01,0.000000000000000000e+00
1.462857142857142811e+01,0.000000000000000000e+00
1.465179138321995467e+01,0.000000000000000000e+00
1.467501133786848122e+01,0.000000000000000000e+00
1.469823129251700600e+01,0.000000000000000000e+00
1.472145124716553255e+01,0.000000000000000000e+00
1.474467120181405910e+01,0.000000000000000000e+00
1.476789115646258566e+01,0.000000000000000000e+00
1.479111111111111043e+01,0.000000000000000000e+00
1.481433106575963699e+01,0.000000000000000000e+00
1.483755102040816354e+01,0.000000000000000000e+00
1.486077097505669009e+01,0.000000000000000000e+00
1.488399092970521487e+01,0.000000000000000000e+00
1.490721088435374142e+01,0.000000000000000000e+00
1.493043083900226797e+01,0.000000000000000000e+00
1.495365079365079453e+01,0.000000000000000000e+00
1.497687074829931930e+01,0.000000000000000000e+00
1.500009070294784586e+01,0.000000000000000000e+00
1.502331065759637241e+01,0.000000000000000000e+00
1.504653061224489718e+01,0.000000000000000000e+00
1.506975056689342374e+01,0.000000000000000000e+00
